{
    "eye_json": {
        "left_eye_info": {
            "top-left": [
                0.29788678835188614,
                5.584182336803512
            ],
            "top-right": [
                0.7528308110057538,
                5.584182336803512
            ],
            "bottom-right": [
                0.7528308110057538,
                5.342381379881181
            ],
            "bottom-left": [
                0.29788678835188614,
                5.342381379881181
            ]
        },
        "right_eye_info": {
            "top-left": [
                -0.29788678835188614,
                5.584182336803512
            ],
            "top-right": [
                -0.7528308110057538,
                5.584182336803512
            ],
            "bottom-right": [
                -0.7528308110057538,
                5.342381379881181
            ],
            "bottom-left": [
                -0.29788678835188614,
                5.342381379881181
            ]
        }
    }
}