{
    "eye_json": {
        "left_eye_info": {
            "top-left": [
                0.3105539251309394,
                4.737138868025312
            ],
            "top-right": [
                0.780215283999019,
                4.737138868025312
            ],
            "bottom-right": [
                0.780215283999019,
                4.324529648195437
            ],
            "bottom-left": [
                0.3105539251309394,
                4.324529648195437
            ]
        },
        "right_eye_info": {
            "top-left": [
                -0.3105539251309394,
                4.737138868025312
            ],
            "top-right": [
                -0.780215283999019,
                4.737138868025312
            ],
            "bottom-right": [
                -0.780215283999019,
                4.324529648195437
            ],
            "bottom-left": [
                -0.3105539251309394,
                4.324529648195437
            ]
        }
    }
}