{
    "eye_json": {
        "left_eye_info": {
            "top-left": [
                0.2590594113812479,
                8.399520956959977
            ],
            "top-right": [
                0.7251342385421321,
                8.399520956959977
            ],
            "bottom-right": [
                0.7251342385421321,
                8.013019880777781
            ],
            "bottom-left": [
                0.2590594113812479,
                8.013019880777781
            ]
        },
        "right_eye_info": {
            "top-left": [
                -0.2590594113812479,
                8.399520956959977
            ],
            "top-right": [
                -0.7251342385421321,
                8.399520956959977
            ],
            "bottom-right": [
                -0.7251342385421321,
                8.013019880777781
            ],
            "bottom-left": [
                -0.2590594113812479,
                8.013019880777781
            ]
        }
    }
}